,Age,Sex,Job,Housing,Saving accounts,Checking account,Credit amount,Duration,Purpose,Age_Group,Credit_Amount_Group,Duration_Group
0,67,male,2,own,little,little,1169,6,radio/TV,>65,Low,<1yr
1,22,female,2,own,little,moderate,5951,48,radio/TV,<25,High,3-4yrs
2,49,male,1,own,little,little,2096,12,education,45-55,Medium,<1yr
3,45,male,2,free,little,little,7882,42,furniture/equipment,35-45,High,3-4yrs
4,53,male,2,free,little,little,4870,24,car,45-55,Medium,1-2yrs
5,35,male,1,free,little,little,9055,36,education,25-35,High,2-3yrs
6,53,male,2,own,quite rich,little,2835,24,furniture/equipment,45-55,Medium,1-2yrs
7,35,male,3,rent,little,moderate,6948,36,car,25-35,High,2-3yrs
8,61,male,1,own,rich,little,3059,12,radio/TV,55-65,Medium,<1yr
9,28,male,3,own,little,moderate,5234,30,car,25-35,High,2-3yrs
10,25,female,2,rent,little,moderate,1295,12,car,<25,Low,<1yr
11,24,female,2,rent,little,little,4308,48,business,<25,Medium,3-4yrs
12,22,female,2,own,little,moderate,1567,12,radio/TV,<25,Low,<1yr
13,60,male,1,own,little,little,1199,24,car,55-65,Low,1-2yrs
14,28,female,2,rent,little,little,1403,15,car,25-35,Low,1-2yrs
15,32,female,1,own,moderate,little,1282,24,radio/TV,25-35,Low,1-2yrs
16,53,male,2,own,little,little,2424,24,radio/TV,45-55,Medium,1-2yrs
17,25,male,2,own,little,little,8072,30,business,<25,High,2-3yrs
18,44,female,3,free,little,moderate,12579,24,car,35-45,Very High,1-2yrs
19,31,male,2,own,quite rich,little,3430,24,radio/TV,25-35,Medium,1-2yrs
20,48,male,2,own,little,little,2134,9,car,45-55,Medium,<1yr
21,44,male,2,rent,quite rich,little,2647,6,radio/TV,35-45,Medium,<1yr
22,48,male,1,rent,little,little,2241,10,car,45-55,Medium,<1yr
23,44,male,2,own,moderate,moderate,1804,12,car,35-45,Low,<1yr
24,26,male,2,own,little,little,2069,10,furniture/equipment,25-35,Medium,<1yr
25,36,male,1,own,little,little,1374,6,furniture/equipment,35-45,Low,<1yr
26,39,male,1,own,little,little,426,6,radio/TV,35-45,Very Low,<1yr
27,42,female,2,rent,rich,rich,409,12,radio/TV,35-45,Very Low,<1yr
28,34,male,2,own,little,moderate,2415,7,radio/TV,25-35,Medium,<1yr
29,63,male,2,own,little,little,6836,60,business,55-65,High,>4yrs
30,36,male,2,own,rich,moderate,1913,18,business,35-45,Low,1-2yrs
31,27,male,2,own,little,little,4020,24,furniture/equipment,25-35,Medium,1-2yrs
32,30,male,2,own,moderate,moderate,5866,18,car,25-35,High,1-2yrs
33,57,male,1,rent,little,little,1264,12,business,55-65,Low,<1yr
34,33,female,3,own,little,rich,1474,12,furniture/equipment,25-35,Low,<1yr
35,25,male,1,own,little,moderate,4746,45,radio/TV,<25,Medium,3-4yrs
36,31,male,2,free,little,little,6110,48,education,25-35,High,3-4yrs
37,37,male,2,own,little,rich,2100,18,radio/TV,35-45,Medium,1-2yrs
38,37,male,2,own,little,rich,1225,10,domestic appliances,35-45,Low,<1yr
39,24,male,2,own,little,moderate,458,9,radio/TV,<25,Very Low,<1yr
40,30,male,3,own,quite rich,little,2333,30,radio/TV,25-35,Medium,2-3yrs
41,26,male,2,own,quite rich,moderate,1158,12,radio/TV,25-35,Low,<1yr
42,44,male,1,own,little,moderate,6204,18,repairs,35-45,High,1-2yrs
43,24,male,2,rent,moderate,little,6187,30,car,<25,High,2-3yrs
44,58,female,1,free,little,little,6143,48,car,55-65,High,3-4yrs
45,35,female,3,own,little,little,1393,11,car,25-35,Low,<1yr
46,39,male,2,own,quite rich,little,2299,36,radio/TV,35-45,Medium,2-3yrs
47,23,female,0,rent,quite rich,little,1352,6,car,<25,Low,<1yr
48,39,male,1,own,little,little,7228,11,car,35-45,High,<1yr
49,28,female,2,own,moderate,little,2073,12,radio/TV,25-35,Medium,<1yr
50,29,male,1,own,little,moderate,2333,24,furniture/equipment,25-35,Medium,1-2yrs
51,30,male,3,own,little,moderate,5965,27,car,25-35,High,2-3yrs
52,25,male,2,own,little,little,1262,12,radio/TV,<25,Low,<1yr
53,31,male,2,own,little,little,3378,18,car,25-35,Medium,1-2yrs
54,57,male,2,free,little,moderate,2225,36,car,55-65,Medium,2-3yrs
55,26,male,1,own,little,little,783,6,car,25-35,Very Low,<1yr
56,52,male,3,own,little,moderate,6468,12,radio/TV,45-55,High,<1yr
57,31,female,2,own,little,little,9566,36,radio/TV,25-35,High,2-3yrs
58,23,female,3,own,little,rich,1961,18,car,<25,Low,1-2yrs
59,23,female,1,rent,little,little,6229,36,furniture/equipment,<25,High,2-3yrs
60,27,male,2,own,little,moderate,1391,9,business,25-35,Low,<1yr
61,50,male,2,own,little,moderate,1537,15,radio/TV,45-55,Low,1-2yrs
62,61,male,3,free,little,moderate,1953,36,business,55-65,Low,2-3yrs
63,25,male,2,own,little,moderate,14421,48,business,<25,Very High,3-4yrs
64,26,female,2,own,little,little,3181,24,radio/TV,25-35,Medium,1-2yrs
65,48,male,2,own,little,little,5190,27,repairs,45-55,High,2-3yrs
66,29,female,2,own,little,little,2171,12,radio/TV,25-35,Medium,<1yr
67,22,male,2,own,rich,moderate,1007,12,car,<25,Low,<1yr
68,37,male,2,free,little,little,1819,36,education,35-45,Low,2-3yrs
69,25,female,2,own,little,little,2394,36,radio/TV,<25,Medium,2-3yrs
70,30,female,2,own,little,little,8133,36,car,25-35,High,2-3yrs
71,46,male,1,rent,little,little,730,7,radio/TV,45-55,Very Low,<1yr
72,51,male,3,free,little,little,1164,8,vacation/others,45-55,Low,<1yr
73,41,female,1,own,little,moderate,5954,42,business,35-45,High,3-4yrs
74,40,male,3,own,little,little,1977,36,education,35-45,Low,2-3yrs
75,66,male,3,free,little,little,1526,12,car,>65,Low,<1yr
76,34,male,2,own,little,little,3965,42,radio/TV,25-35,Medium,3-4yrs
77,51,male,2,own,little,moderate,4771,11,radio/TV,45-55,Medium,<1yr
78,39,male,1,own,little,little,9436,54,car,35-45,High,>4yrs
79,22,male,2,own,little,moderate,3832,30,furniture/equipment,<25,Medium,2-3yrs
80,44,female,2,own,little,little,5943,24,radio/TV,35-45,High,1-2yrs
81,47,male,2,own,quite rich,little,1213,15,radio/TV,45-55,Low,1-2yrs
82,24,female,1,rent,moderate,little,1568,18,business,<25,Low,1-2yrs
83,58,female,1,own,little,little,1755,24,vacation/others,55-65,Low,1-2yrs
84,52,male,1,own,little,little,2315,10,radio/TV,45-55,Medium,<1yr
85,29,female,3,own,little,little,1412,12,business,25-35,Low,<1yr
86,27,female,2,own,little,moderate,1295,18,furniture/equipment,25-35,Low,1-2yrs
87,47,male,2,free,moderate,moderate,12612,36,education,45-55,Very High,2-3yrs
88,30,male,3,own,moderate,little,2249,18,car,25-35,Medium,1-2yrs
89,28,male,2,own,little,little,1108,12,repairs,25-35,Low,<1yr
90,56,male,2,own,little,little,618,12,radio/TV,55-65,Very Low,<1yr
91,54,male,2,own,little,little,1409,12,car,45-55,Low,<1yr
92,33,female,1,own,little,little,797,12,radio/TV,25-35,Very Low,<1yr
93,20,male,2,rent,little,rich,3617,24,furniture/equipment,<25,Medium,1-2yrs
94,54,male,2,own,rich,moderate,1318,12,car,45-55,Low,<1yr
95,58,male,2,rent,little,moderate,15945,54,business,55-65,Very High,>4yrs
96,61,female,2,own,little,little,2012,12,education,55-65,Medium,<1yr
97,34,male,2,own,moderate,moderate,2622,18,business,25-35,Medium,1-2yrs
98,36,male,2,own,little,moderate,2337,36,radio/TV,35-45,Medium,2-3yrs
99,36,male,3,rent,little,moderate,7057,20,car,35-45,High,1-2yrs
100,41,male,1,rent,moderate,little,1469,24,car,35-45,Low,1-2yrs
101,24,male,2,rent,little,moderate,2323,36,radio/TV,<25,Medium,2-3yrs
102,24,female,2,own,little,little,932,6,radio/TV,<25,Very Low,<1yr
103,35,male,2,rent,little,moderate,1919,9,furniture/equipment,25-35,Low,<1yr
104,26,male,2,rent,little,little,2445,12,car,25-35,Medium,<1yr
105,39,male,3,own,little,moderate,11938,24,vacation/others,35-45,Very High,1-2yrs
106,39,male,3,own,little,little,6458,18,car,35-45,High,1-2yrs
107,32,male,2,own,little,moderate,6078,12,car,25-35,High,<1yr
108,30,female,2,own,little,little,7721,24,furniture/equipment,25-35,High,1-2yrs
109,35,male,2,own,quite rich,moderate,1410,14,business,25-35,Low,1-2yrs
110,31,male,2,own,moderate,moderate,1449,6,business,25-35,Low,<1yr
111,23,female,2,rent,little,rich,392,15,education,<25,Very Low,1-2yrs
112,28,male,1,rent,little,moderate,6260,18,car,25-35,High,1-2yrs
113,25,female,2,own,little,little,7855,36,car,<25,High,2-3yrs
114,35,male,2,own,quite rich,little,1680,12,radio/TV,25-35,Low,<1yr
115,47,male,2,own,little,little,3578,48,radio/TV,45-55,Medium,3-4yrs
116,30,female,3,own,little,little,7174,42,radio/TV,25-35,High,3-4yrs
117,27,female,2,rent,little,little,2132,10,furniture/equipment,25-35,Medium,<1yr
118,23,female,2,own,quite rich,little,4281,33,furniture/equipment,<25,Medium,2-3yrs
119,36,male,3,own,quite rich,moderate,2366,12,car,35-45,Medium,<1yr
120,25,female,2,own,little,little,1835,21,radio/TV,<25,Low,1-2yrs
121,41,female,3,rent,little,little,3868,24,car,35-45,Medium,1-2yrs
122,24,male,1,rent,little,little,1768,12,furniture/equipment,<25,Low,<1yr
123,63,male,2,free,little,rich,781,10,car,55-65,Very Low,<1yr
124,27,female,2,rent,little,moderate,1924,18,furniture/equipment,25-35,Low,1-2yrs
125,30,male,2,own,little,little,2121,12,car,25-35,Medium,<1yr
126,40,male,1,own,little,little,701,12,radio/TV,35-45,Very Low,<1yr
127,30,male,2,own,little,moderate,639,12,repairs,25-35,Very Low,<1yr
128,34,male,3,own,little,moderate,1860,12,car,25-35,Low,<1yr
129,29,female,2,own,little,little,3499,12,car,25-35,Medium,<1yr
130,24,female,2,own,little,moderate,8487,48,car,<25,High,3-4yrs
131,29,male,2,own,little,little,6887,36,education,25-35,High,2-3yrs
132,27,male,1,own,little,little,2708,15,furniture/equipment,25-35,Medium,1-2yrs
133,47,male,2,free,little,little,1984,18,furniture/equipment,45-55,Low,1-2yrs
134,21,female,2,own,moderate,little,10144,60,radio/TV,<25,Very High,>4yrs
135,38,female,2,own,little,little,1240,12,radio/TV,35-45,Low,<1yr
136,27,male,2,own,rich,little,8613,27,car,25-35,High,2-3yrs
137,66,male,1,own,quite rich,moderate,766,12,radio/TV,>65,Very Low,<1yr
138,35,male,2,own,little,moderate,2728,15,radio/TV,25-35,Medium,1-2yrs
139,44,female,1,rent,little,rich,1881,12,radio/TV,35-45,Low,<1yr
140,27,male,0,own,rich,rich,709,6,car,25-35,Very Low,<1yr
141,30,female,3,own,little,moderate,4795,36,radio/TV,25-35,Medium,2-3yrs
142,27,male,3,own,little,little,3416,27,radio/TV,25-35,Medium,2-3yrs
143,22,male,2,own,little,little,2462,18,furniture/equipment,<25,Medium,1-2yrs
144,23,female,2,own,little,little,2288,21,furniture/equipment,<25,Medium,1-2yrs
145,30,male,2,own,moderate,moderate,3566,48,business,25-35,Medium,3-4yrs
146,39,female,2,own,little,little,860,6,car,35-45,Very Low,<1yr
147,51,female,2,own,moderate,little,682,12,car,45-55,Very Low,<1yr
148,28,male,2,own,little,little,5371,36,furniture/equipment,25-35,High,2-3yrs
149,46,male,2,own,rich,little,1582,18,radio/TV,45-55,Low,1-2yrs
150,42,male,2,free,moderate,little,1346,6,radio/TV,35-45,Low,<1yr
151,38,male,2,own,little,little,1924,10,radio/TV,35-45,Low,<1yr
152,24,male,2,own,little,rich,5848,36,radio/TV,<25,High,2-3yrs
153,29,female,2,rent,rich,moderate,7758,24,car,25-35,High,1-2yrs
154,36,male,3,rent,moderate,moderate,6967,24,business,35-45,High,1-2yrs
155,20,female,2,rent,little,little,1282,12,furniture/equipment,<25,Low,<1yr
156,48,male,2,own,moderate,little,1288,9,repairs,45-55,Low,<1yr
157,45,male,1,own,little,little,339,12,education,35-45,Very Low,<1yr
158,38,male,2,own,moderate,moderate,3512,24,car,35-45,Medium,1-2yrs
159,34,male,1,own,little,little,1898,6,radio/TV,25-35,Low,<1yr
160,36,male,2,own,moderate,little,2872,24,radio/TV,35-45,Medium,1-2yrs
161,30,female,2,own,little,little,1055,18,car,25-35,Low,1-2yrs
162,36,male,2,own,quite rich,little,1262,15,domestic appliances,35-45,Low,1-2yrs
163,70,male,3,free,little,moderate,7308,10,car,>65,High,<1yr
164,36,male,2,own,quite rich,little,909,36,car,35-45,Very Low,2-3yrs
165,32,male,2,own,quite rich,little,2978,6,furniture/equipment,25-35,Medium,<1yr
166,33,female,2,own,little,little,1131,18,furniture/equipment,25-35,Low,1-2yrs
167,20,female,2,own,rich,moderate,1577,11,furniture/equipment,<25,Low,<1yr
168,25,female,2,rent,little,little,3972,24,furniture/equipment,<25,Medium,1-2yrs
169,31,male,2,own,little,moderate,1935,24,business,25-35,Low,1-2yrs
170,33,male,2,rent,little,little,950,15,car,25-35,Very Low,1-2yrs
171,26,female,2,own,little,little,763,12,furniture/equipment,25-35,Very Low,<1yr
172,34,female,3,own,little,moderate,2064,24,furniture/equipment,25-35,Medium,1-2yrs
173,33,male,2,own,little,moderate,1414,8,radio/TV,25-35,Low,<1yr
174,26,male,2,own,little,little,3414,21,education,25-35,Medium,1-2yrs
175,53,female,3,own,little,little,7485,30,car,45-55,High,2-3yrs
176,42,male,2,own,little,little,2577,12,furniture/equipment,35-45,Medium,<1yr
177,52,male,2,own,quite rich,little,338,6,radio/TV,45-55,Very Low,<1yr
178,31,male,3,rent,little,little,1963,12,radio/TV,25-35,Low,<1yr
179,65,male,2,own,little,little,571,21,car,55-65,Very Low,1-2yrs
180,28,male,2,own,little,little,9572,36,business,25-35,High,2-3yrs
181,30,male,3,own,little,moderate,4455,36,business,25-35,Medium,2-3yrs
182,40,male,1,own,little,little,1647,21,car,35-45,Low,1-2yrs
183,50,male,2,own,rich,little,3777,24,furniture/equipment,45-55,Medium,1-2yrs
184,36,male,2,own,little,moderate,884,18,car,35-45,Very Low,1-2yrs
185,31,male,2,own,little,little,1360,15,radio/TV,25-35,Low,1-2yrs
186,74,female,3,free,little,moderate,5129,9,car,>65,High,<1yr
187,68,male,0,free,little,moderate,1175,16,car,>65,Low,1-2yrs
188,20,male,2,own,moderate,little,674,12,radio/TV,<25,Very Low,<1yr
189,33,female,2,own,little,moderate,3244,18,furniture/equipment,25-35,Medium,1-2yrs
190,54,male,3,own,rich,little,4591,24,business,45-55,Medium,1-2yrs
191,34,male,1,free,moderate,moderate,3844,48,business,25-35,Medium,3-4yrs
192,36,male,2,own,little,moderate,3915,27,business,35-45,Medium,2-3yrs
193,29,male,2,rent,little,little,2108,6,radio/TV,25-35,Medium,<1yr
194,21,male,2,rent,moderate,moderate,3031,45,radio/TV,<25,Medium,3-4yrs
195,34,female,3,own,little,moderate,1501,9,education,25-35,Low,<1yr
196,28,female,2,own,little,little,1382,6,radio/TV,25-35,Low,<1yr
197,27,female,2,rent,moderate,moderate,951,12,furniture/equipment,25-35,Very Low,<1yr
198,36,male,2,free,little,moderate,2760,24,car,35-45,Medium,1-2yrs
199,40,male,3,own,little,moderate,4297,18,furniture/equipment,35-45,Medium,1-2yrs
200,52,male,2,own,quite rich,little,936,9,education,45-55,Very Low,<1yr
201,27,male,1,own,little,little,1168,12,car,25-35,Low,<1yr
202,26,male,2,own,little,little,5117,27,business,25-35,High,2-3yrs
203,21,male,2,rent,little,little,902,12,education,<25,Very Low,<1yr
204,38,male,1,own,little,little,1495,12,car,35-45,Low,<1yr
205,38,male,3,free,little,little,10623,30,car,35-45,Very High,2-3yrs
206,43,male,2,own,little,little,1935,12,furniture/equipment,35-45,Low,<1yr
207,26,male,2,own,little,moderate,1424,12,domestic appliances,25-35,Low,<1yr
208,21,male,1,own,little,little,6568,24,business,<25,High,1-2yrs
209,55,male,2,own,rich,little,1413,12,car,45-55,Low,<1yr
210,33,male,2,own,little,little,3074,9,radio/TV,25-35,Medium,<1yr
211,45,female,1,own,little,little,3835,36,radio/TV,35-45,Medium,2-3yrs
212,50,male,2,own,little,little,5293,27,business,45-55,High,2-3yrs
213,66,male,3,own,little,rich,1908,30,business,>65,Low,2-3yrs
214,51,male,2,own,little,little,3342,36,radio/TV,45-55,Medium,2-3yrs
215,39,female,1,own,little,moderate,932,6,education,35-45,Very Low,<1yr
216,31,male,2,own,little,little,3104,18,business,25-35,Medium,1-2yrs
217,23,male,2,own,little,rich,3913,36,radio/TV,<25,Medium,2-3yrs
218,24,male,1,rent,little,little,3021,24,furniture/equipment,<25,Medium,1-2yrs
219,64,female,2,own,little,little,1364,10,car,55-65,Low,<1yr
220,26,male,1,own,little,moderate,625,12,radio/TV,25-35,Very Low,<1yr
221,23,female,2,rent,little,little,1200,12,education,<25,Low,<1yr
222,30,male,2,own,little,little,707,12,radio/TV,25-35,Very Low,<1yr
223,32,male,2,own,little,little,2978,24,business,25-35,Medium,1-2yrs
224,30,male,2,own,little,little,4657,15,car,25-35,Medium,1-2yrs
225,27,male,2,own,little,little,2613,36,repairs,25-35,Medium,2-3yrs
226,27,male,2,own,rich,moderate,10961,48,radio/TV,25-35,Very High,3-4yrs
227,53,male,3,free,little,little,7865,12,furniture/equipment,45-55,High,<1yr
228,22,male,2,own,little,little,1478,9,radio/TV,<25,Low,<1yr
229,22,male,2,free,little,little,3149,24,furniture/equipment,<25,Medium,1-2yrs
230,26,male,2,own,little,rich,4210,36,radio/TV,25-35,Medium,2-3yrs
231,51,male,1,free,quite rich,little,2507,9,car,45-55,Medium,<1yr
232,35,male,2,own,moderate,little,2141,12,radio/TV,25-35,Medium,<1yr
233,25,male,1,own,little,moderate,866,18,radio/TV,<25,Very Low,1-2yrs
234,42,male,1,own,little,little,1544,4,radio/TV,35-45,Low,<1yr
235,30,male,3,own,little,little,1823,24,radio/TV,25-35,Low,1-2yrs
236,23,male,0,own,little,moderate,14555,6,car,<25,Very High,<1yr
237,61,male,1,rent,moderate,moderate,2767,21,business,55-65,Medium,1-2yrs
238,35,female,2,own,little,little,1291,12,radio/TV,25-35,Low,<1yr
239,39,male,2,own,little,little,2522,30,radio/TV,35-45,Medium,2-3yrs
240,29,female,2,own,little,little,915,24,car,25-35,Very Low,1-2yrs
241,51,male,2,own,little,little,1595,6,radio/TV,45-55,Low,<1yr
242,24,male,2,free,little,little,4605,48,car,<25,Medium,3-4yrs
243,27,female,2,own,little,little,1185,12,business,25-35,Low,<1yr
244,35,female,1,own,quite rich,little,3447,12,education,25-35,Medium,<1yr
245,25,male,2,own,little,little,1258,24,business,<25,Low,1-2yrs
246,52,male,2,own,little,little,717,12,radio/TV,45-55,Very Low,<1yr
247,35,male,2,rent,moderate,little,1204,6,car,25-35,Low,<1yr
248,26,male,2,own,little,rich,1925,24,furniture/equipment,25-35,Low,1-2yrs
249,22,female,2,rent,little,little,433,18,radio/TV,<25,Very Low,1-2yrs
250,39,female,1,own,rich,little,666,6,car,35-45,Very Low,<1yr
251,46,female,1,own,little,rich,2251,12,furniture/equipment,45-55,Medium,<1yr
252,24,female,2,own,little,moderate,2150,30,car,<25,Medium,2-3yrs
253,35,male,2,own,moderate,little,4151,24,furniture/equipment,25-35,Medium,1-2yrs
254,24,male,2,own,little,moderate,2030,9,furniture/equipment,<25,Medium,<1yr
255,27,male,1,own,little,moderate,7418,60,radio/TV,25-35,High,>4yrs
256,35,male,1,own,little,little,2684,24,radio/TV,25-35,Medium,1-2yrs
257,29,male,2,free,little,little,2149,12,radio/TV,25-35,Medium,<1yr
258,23,female,2,own,moderate,little,3812,15,car,<25,Medium,1-2yrs
259,57,female,1,own,moderate,little,1154,11,radio/TV,55-65,Low,<1yr
260,27,male,2,own,little,little,1657,12,furniture/equipment,25-35,Low,<1yr
261,55,female,2,own,little,little,1603,24,radio/TV,45-55,Low,1-2yrs
262,36,male,3,free,little,little,5302,18,car,35-45,High,1-2yrs
263,57,female,1,free,little,little,2748,12,education,55-65,Medium,<1yr
264,32,male,1,own,little,little,1231,10,car,25-35,Low,<1yr
265,37,male,2,own,little,moderate,802,15,radio/TV,35-45,Very Low,1-2yrs
266,36,male,2,own,little,little,6304,36,business,35-45,High,2-3yrs
267,38,female,2,own,little,little,1533,24,radio/TV,35-45,Low,1-2yrs
268,45,male,3,own,little,little,8978,14,car,35-45,High,1-2yrs
269,25,male,2,own,little,little,999,24,radio/TV,<25,Very Low,1-2yrs
270,32,male,2,own,little,little,2662,18,car,25-35,Medium,1-2yrs
271,37,female,2,rent,quite rich,little,1402,12,furniture/equipment,35-45,Low,<1yr
272,36,male,3,free,little,moderate,12169,48,car,35-45,Very High,3-4yrs
273,28,male,2,own,little,moderate,3060,48,radio/TV,25-35,Medium,3-4yrs
274,34,male,1,own,little,little,11998,30,repairs,25-35,Very High,2-3yrs
275,32,male,2,own,little,little,2697,9,radio/TV,25-35,Medium,<1yr
276,26,female,2,own,little,little,2404,18,radio/TV,25-35,Medium,1-2yrs
277,49,male,1,own,little,little,1262,12,furniture/equipment,45-55,Low,<1yr
278,32,female,2,own,little,little,4611,6,furniture/equipment,25-35,Medium,<1yr
279,29,male,3,rent,moderate,little,1901,24,radio/TV,25-35,Low,1-2yrs
280,23,male,2,rent,rich,little,3368,15,car,<25,Medium,1-2yrs
281,50,male,2,own,little,little,1574,12,furniture/equipment,45-55,Low,<1yr
282,49,male,1,own,little,rich,1445,18,radio/TV,45-55,Low,1-2yrs
283,63,male,2,own,little,little,1520,15,furniture/equipment,55-65,Low,1-2yrs
284,37,male,2,own,moderate,moderate,3878,24,car,35-45,Medium,1-2yrs
285,35,female,1,own,little,little,10722,47,car,25-35,Very High,3-4yrs
286,26,male,2,own,little,little,4788,48,car,25-35,Medium,3-4yrs
287,31,male,3,free,moderate,moderate,7582,48,vacation/others,25-35,High,3-4yrs
288,49,female,2,own,little,moderate,1092,12,radio/TV,45-55,Low,<1yr
289,48,male,2,own,little,little,1024,24,radio/TV,45-55,Low,1-2yrs
290,26,male,2,own,little,little,1076,12,business,25-35,Low,<1yr
291,28,male,3,rent,little,moderate,9398,36,car,25-35,High,2-3yrs
292,44,female,3,free,little,little,6419,24,car,35-45,High,1-2yrs
293,56,male,2,free,little,rich,4796,42,car,55-65,Medium,3-4yrs
294,46,male,3,own,little,little,7629,48,business,45-55,High,3-4yrs
295,26,female,2,own,little,moderate,9960,48,furniture/equipment,25-35,High,3-4yrs
296,20,female,2,rent,little,little,4675,12,car,<25,Medium,<1yr
297,45,male,1,own,little,little,1287,10,car,35-45,Low,<1yr
298,43,male,2,own,little,little,2515,18,furniture/equipment,35-45,Medium,1-2yrs
299,32,male,2,own,rich,moderate,2745,21,furniture/equipment,25-35,Medium,1-2yrs
300,54,female,0,own,little,little,672,6,car,45-55,Very Low,<1yr
301,42,female,2,own,little,moderate,3804,36,radio/TV,35-45,Medium,2-3yrs
302,37,male,1,own,little,rich,1344,24,car,35-45,Low,1-2yrs
303,49,male,2,own,little,little,1038,10,car,45-55,Low,<1yr
304,44,male,2,free,quite rich,little,10127,48,car,35-45,Very High,3-4yrs
305,33,male,2,own,rich,little,1543,6,furniture/equipment,25-35,Low,<1yr
306,24,female,1,rent,little,little,4811,30,car,<25,Medium,2-3yrs
307,33,male,1,own,moderate,little,727,12,radio/TV,25-35,Very Low,<1yr
308,24,female,2,own,little,moderate,1237,8,furniture/equipment,<25,Low,<1yr
309,22,male,1,rent,little,moderate,276,9,car,<25,Very Low,<1yr
310,40,male,0,free,little,moderate,5381,48,vacation/others,35-45,High,3-4yrs
311,25,male,2,own,moderate,little,5511,24,furniture/equipment,<25,High,1-2yrs
312,26,female,2,own,little,rich,3749,24,furniture/equipment,25-35,Medium,1-2yrs
313,25,male,1,own,little,moderate,685,12,car,<25,Very Low,<1yr
314,29,male,1,own,little,rich,1494,4,car,25-35,Low,<1yr
315,31,male,2,own,little,little,2746,36,furniture/equipment,25-35,Medium,2-3yrs
316,38,male,1,own,little,little,708,12,furniture/equipment,35-45,Very Low,<1yr
317,48,female,1,own,little,moderate,4351,24,furniture/equipment,45-55,Medium,1-2yrs
318,32,male,2,own,little,little,701,12,education,25-35,Very Low,<1yr
319,27,female,1,own,little,little,3643,15,furniture/equipment,25-35,Medium,1-2yrs
320,28,male,3,own,little,moderate,4249,30,car,25-35,Medium,2-3yrs
321,32,male,2,own,little,little,1938,24,radio/TV,25-35,Low,1-2yrs
322,34,male,3,free,little,little,2910,24,car,25-35,Medium,1-2yrs
323,28,male,2,own,rich,little,2659,18,furniture/equipment,25-35,Medium,1-2yrs
324,36,female,2,own,little,little,1028,18,car,35-45,Low,1-2yrs
325,39,male,1,own,little,little,3398,8,car,35-45,Medium,<1yr
326,49,male,2,rent,little,little,5801,12,furniture/equipment,45-55,High,<1yr
327,34,female,2,own,rich,little,1525,24,car,25-35,Low,1-2yrs
328,31,male,2,own,little,rich,4473,36,radio/TV,25-35,Medium,2-3yrs
329,28,male,2,own,little,moderate,1068,6,radio/TV,25-35,Low,<1yr
330,75,male,3,free,little,little,6615,24,car,>65,High,1-2yrs
331,30,female,2,own,moderate,little,1864,18,education,25-35,Low,1-2yrs
332,24,female,3,own,moderate,moderate,7408,60,car,<25,High,>4yrs
333,24,female,1,rent,moderate,little,11590,48,car,<25,Very High,3-4yrs
334,23,male,2,rent,little,little,4110,24,furniture/equipment,<25,Medium,1-2yrs
335,44,male,3,rent,little,little,3384,6,furniture/equipment,35-45,Medium,<1yr
336,23,female,1,own,little,moderate,2101,13,radio/TV,<25,Medium,1-2yrs
337,24,female,2,rent,little,little,1275,15,domestic appliances,<25,Low,1-2yrs
338,28,male,2,own,little,little,4169,24,furniture/equipment,25-35,Medium,1-2yrs
339,31,male,1,own,little,moderate,1521,10,furniture/equipment,25-35,Low,<1yr
340,24,female,2,free,little,moderate,5743,24,education,<25,High,1-2yrs
341,26,female,1,rent,little,little,3599,21,furniture/equipment,25-35,Medium,1-2yrs
342,25,male,2,rent,quite rich,moderate,3213,18,radio/TV,<25,Medium,1-2yrs
343,33,male,3,own,little,moderate,4439,18,business,25-35,Medium,1-2yrs
344,37,male,1,own,little,rich,3949,10,car,35-45,Medium,<1yr
345,43,female,1,own,little,little,1459,15,radio/TV,35-45,Low,1-2yrs
346,23,male,2,own,little,moderate,882,13,radio/TV,<25,Very Low,1-2yrs
347,23,female,0,rent,quite rich,moderate,3758,24,radio/TV,<25,Medium,1-2yrs
348,34,male,1,own,moderate,little,1743,6,business,25-35,Low,<1yr
349,32,male,2,free,rich,moderate,1136,9,education,25-35,Low,<1yr
350,23,female,2,rent,little,little,1236,9,domestic appliances,<25,Low,<1yr
351,29,female,2,own,little,moderate,959,9,furniture/equipment,25-35,Very Low,<1yr
352,38,male,3,own,little,little,3229,18,car,35-45,Medium,1-2yrs
353,28,male,2,rent,little,little,6199,12,radio/TV,25-35,High,<1yr
354,46,male,2,free,quite rich,little,727,10,education,45-55,Very Low,<1yr
355,23,male,1,own,little,moderate,1246,24,car,<25,Low,1-2yrs
356,49,male,2,own,little,little,2331,12,radio/TV,45-55,Medium,<1yr
357,26,male,3,own,little,little,4463,36,radio/TV,25-35,Medium,2-3yrs
358,28,male,2,own,little,little,776,12,radio/TV,25-35,Very Low,<1yr
359,23,female,2,rent,little,little,2406,30,furniture/equipment,<25,Medium,2-3yrs
360,61,male,2,free,little,moderate,1239,18,education,55-65,Low,1-2yrs
361,37,male,3,own,little,rich,3399,12,radio/TV,35-45,Medium,<1yr
362,36,female,2,own,little,rich,2247,12,car,35-45,Medium,<1yr
363,21,male,2,rent,little,little,1766,6,furniture/equipment,<25,Low,<1yr
364,25,male,0,own,little,little,2473,18,furniture/equipment,<25,Medium,1-2yrs
365,36,male,2,own,little,little,1542,12,business,35-45,Low,<1yr
366,27,male,2,own,little,little,3850,18,car,25-35,Medium,1-2yrs
367,22,female,2,rent,little,little,3650,18,furniture/equipment,<25,Medium,1-2yrs
368,42,male,2,own,little,little,3446,36,furniture/equipment,35-45,Medium,2-3yrs
369,40,female,2,rent,little,moderate,3001,18,furniture/equipment,35-45,Medium,1-2yrs
370,36,male,2,own,little,little,3079,36,car,35-45,Medium,2-3yrs
371,33,male,2,own,little,little,6070,18,radio/TV,25-35,High,1-2yrs
372,23,female,2,rent,little,little,2146,10,furniture/equipment,<25,Medium,<1yr
373,63,male,3,free,little,little,13756,60,car,55-65,Very High,>4yrs
374,60,female,3,free,moderate,moderate,14782,60,vacation/others,55-65,Very High,>4yrs
375,37,female,2,rent,little,little,7685,48,business,35-45,High,3-4yrs
376,34,male,2,own,little,little,2320,18,radio/TV,25-35,Medium,1-2yrs
377,36,male,2,free,little,little,846,7,radio/TV,35-45,Very Low,<1yr
378,57,male,3,free,little,moderate,14318,36,car,55-65,Very High,2-3yrs
379,52,female,1,own,moderate,little,362,6,car,45-55,Very Low,<1yr
380,39,male,2,own,little,little,2212,20,furniture/equipment,35-45,Medium,1-2yrs
381,38,female,3,free,little,moderate,12976,18,car,35-45,Very High,1-2yrs
382,25,female,2,rent,little,little,1283,22,car,<25,Low,1-2yrs
383,26,male,2,own,little,rich,1330,12,car,25-35,Low,<1yr
384,26,male,1,own,moderate,little,4272,30,business,25-35,Medium,2-3yrs
385,25,female,2,own,little,little,2238,18,radio/TV,<25,Medium,1-2yrs
386,21,female,2,rent,little,little,1126,18,radio/TV,<25,Low,1-2yrs
387,40,male,3,own,little,moderate,7374,18,furniture/equipment,35-45,High,1-2yrs
388,27,male,2,own,quite rich,moderate,2326,15,business,25-35,Medium,1-2yrs
389,27,female,2,own,little,little,1449,9,business,25-35,Low,<1yr
390,30,male,3,own,little,little,1820,18,car,25-35,Low,1-2yrs
391,19,female,1,rent,rich,moderate,983,12,furniture/equipment,<25,Very Low,<1yr
392,39,male,3,free,little,little,3249,36,car,35-45,Medium,2-3yrs
393,31,female,2,own,little,little,1957,6,radio/TV,25-35,Low,<1yr
394,31,male,3,own,little,little,2406,9,furniture/equipment,25-35,Medium,<1yr
395,32,male,2,rent,moderate,moderate,11760,39,education,25-35,Very High,3-4yrs
396,55,female,3,free,little,little,2578,12,furniture/equipment,45-55,Medium,<1yr
397,46,male,2,own,little,little,2348,36,furniture/equipment,45-55,Medium,2-3yrs
398,46,male,2,rent,little,moderate,1223,12,car,45-55,Low,<1yr
399,43,female,1,own,rich,little,1516,24,radio/TV,35-45,Low,1-2yrs
400,39,male,2,own,little,little,1473,18,radio/TV,35-45,Low,1-2yrs
401,28,male,2,own,little,moderate,1887,18,business,25-35,Low,1-2yrs
402,27,male,2,own,little,little,8648,24,business,25-35,High,1-2yrs
403,27,male,1,own,little,little,802,14,car,25-35,Very Low,1-2yrs
404,43,male,2,own,little,moderate,2899,18,car,35-45,Medium,1-2yrs
405,22,male,2,own,little,moderate,2039,24,radio/TV,<25,Medium,1-2yrs
406,43,male,2,own,little,little,2197,24,car,35-45,Medium,1-2yrs
407,27,male,2,own,little,little,1053,15,radio/TV,25-35,Low,1-2yrs
408,26,male,3,own,quite rich,little,3235,24,radio/TV,25-35,Medium,1-2yrs
409,28,male,2,own,quite rich,rich,939,12,car,25-35,Very Low,<1yr
410,20,female,2,own,little,moderate,1967,24,radio/TV,<25,Low,1-2yrs
411,35,male,3,own,little,little,7253,33,car,25-35,High,2-3yrs
412,42,male,3,own,little,little,2292,12,business,35-45,Medium,<1yr
413,40,male,1,rent,quite rich,little,1597,10,car,35-45,Low,<1yr
414,35,female,2,own,little,little,1381,24,car,25-35,Low,1-2yrs
415,35,male,2,own,little,little,5842,36,car,25-35,High,2-3yrs
416,33,male,1,own,little,little,2579,12,car,25-35,Medium,<1yr
417,23,female,2,rent,little,little,8471,18,education,<25,High,1-2yrs
418,31,female,3,own,quite rich,little,2782,21,car,25-35,Medium,1-2yrs
419,33,female,2,own,little,moderate,1042,18,car,25-35,Low,1-2yrs
420,20,female,2,rent,rich,little,3186,15,car,<25,Medium,1-2yrs
421,30,male,2,own,little,moderate,2028,12,car,25-35,Medium,<1yr
422,47,male,1,own,little,moderate,958,12,car,45-55,Very Low,<1yr
423,34,male,3,own,moderate,little,1591,21,furniture/equipment,25-35,Low,1-2yrs
424,25,female,2,own,little,moderate,2762,12,furniture/equipment,<25,Medium,<1yr
425,21,male,2,rent,little,moderate,2779,18,car,<25,Medium,1-2yrs
426,29,male,2,own,little,little,2743,28,radio/TV,25-35,Medium,2-3yrs
427,46,male,2,own,rich,little,1149,18,radio/TV,45-55,Low,1-2yrs
428,20,male,2,own,little,little,1313,9,furniture/equipment,<25,Low,<1yr
429,55,female,0,free,little,little,1190,18,repairs,45-55,Low,1-2yrs
430,74,male,1,own,little,little,3448,5,business,>65,Medium,<1yr
431,29,male,3,own,little,moderate,11328,24,vacation/others,25-35,Very High,1-2yrs
432,36,male,3,free,little,little,1872,6,furniture/equipment,35-45,Low,<1yr
433,33,male,2,own,little,little,2058,24,repairs,25-35,Medium,1-2yrs
434,25,male,2,own,little,little,2136,9,furniture/equipment,<25,Medium,<1yr
435,25,male,2,own,little,moderate,1484,12,radio/TV,<25,Low,<1yr
436,23,male,1,rent,quite rich,little,660,6,repairs,<25,Very Low,<1yr
437,37,female,2,own,rich,little,1287,24,car,35-45,Low,1-2yrs
438,65,male,0,own,little,little,3394,42,repairs,55-65,Medium,3-4yrs
439,26,female,0,own,little,rich,609,12,business,25-35,Very Low,<1yr
440,39,male,3,own,little,little,1884,12,car,35-45,Low,<1yr
441,30,female,2,own,little,little,1620,12,furniture/equipment,25-35,Low,<1yr
442,29,male,2,own,little,moderate,2629,20,vacation/others,25-35,Medium,1-2yrs
443,41,male,1,own,little,little,719,12,education,35-45,Very Low,<1yr
444,30,female,3,own,little,moderate,5096,48,furniture/equipment,25-35,High,3-4yrs
445,41,female,1,rent,little,little,1244,9,education,35-45,Low,<1yr
446,34,female,2,own,little,little,1842,36,car,25-35,Low,2-3yrs
447,35,male,2,own,little,moderate,2576,7,radio/TV,25-35,Medium,<1yr
448,55,female,3,own,little,rich,1424,12,furniture/equipment,45-55,Low,<1yr
449,61,male,2,own,rich,moderate,1512,15,repairs,55-65,Low,1-2yrs
450,30,male,3,own,little,little,11054,36,car,25-35,Very High,2-3yrs
451,29,female,2,own,little,little,518,6,radio/TV,25-35,Very Low,<1yr
452,34,male,2,own,little,little,2759,12,furniture/equipment,25-35,Medium,<1yr
453,35,male,3,own,little,little,2670,24,car,25-35,Medium,1-2yrs
454,31,male,2,own,little,little,4817,24,car,25-35,Medium,1-2yrs
455,29,female,3,own,little,little,2679,24,car,25-35,Medium,1-2yrs
456,36,male,2,rent,little,little,3905,11,car,35-45,Medium,<1yr
457,35,male,2,free,little,little,3386,12,car,25-35,Medium,<1yr
458,27,female,2,own,little,little,343,6,domestic appliances,25-35,Very Low,<1yr
459,32,male,2,own,little,little,4594,18,radio/TV,25-35,Medium,1-2yrs
460,37,male,2,own,little,little,3620,36,furniture/equipment,35-45,Medium,2-3yrs
461,36,male,2,own,little,little,1721,15,car,35-45,Low,1-2yrs
462,34,female,3,rent,little,moderate,3017,12,furniture/equipment,25-35,Medium,<1yr
463,38,male,2,own,little,moderate,754,12,education,35-45,Very Low,<1yr
464,34,male,2,own,little,little,1950,18,business,25-35,Low,1-2yrs
465,63,male,2,own,little,little,2924,24,car,55-65,Medium,1-2yrs
466,29,female,1,rent,little,little,1659,24,radio/TV,25-35,Low,1-2yrs
467,32,male,2,own,little,little,7238,48,radio/TV,25-35,High,3-4yrs
468,26,female,2,own,little,little,2764,33,business,25-35,Medium,2-3yrs
469,35,male,1,own,little,little,4679,24,car,25-35,Medium,1-2yrs
470,22,male,2,rent,moderate,moderate,3092,24,radio/TV,<25,Medium,1-2yrs
471,23,female,2,own,little,little,448,6,education,<25,Very Low,<1yr
472,28,male,1,own,little,little,654,9,car,25-35,Very Low,<1yr
473,36,male,3,own,little,little,1238,6,education,35-45,Low,<1yr
474,33,male,2,own,little,moderate,1245,18,radio/TV,25-35,Low,1-2yrs
475,26,female,2,rent,little,little,3114,18,furniture/equipment,25-35,Medium,1-2yrs
476,24,male,2,own,quite rich,little,2569,39,car,<25,Medium,3-4yrs
477,25,male,2,own,little,rich,5152,24,radio/TV,<25,High,1-2yrs
478,39,male,1,own,moderate,moderate,1037,12,business,35-45,Low,<1yr
479,44,male,2,own,little,little,1478,15,furniture/equipment,35-45,Low,1-2yrs
480,23,female,1,own,little,moderate,3573,12,radio/TV,<25,Medium,<1yr
481,26,male,2,own,little,moderate,1201,24,car,25-35,Low,1-2yrs
482,57,female,2,rent,rich,little,3622,30,furniture/equipment,55-65,Medium,2-3yrs
483,30,female,2,own,rich,little,960,15,furniture/equipment,25-35,Very Low,1-2yrs
484,44,male,2,own,quite rich,little,1163,12,car,35-45,Low,<1yr
485,47,male,3,own,little,moderate,1209,6,car,45-55,Low,<1yr
486,52,male,2,own,little,little,3077,12,radio/TV,45-55,Medium,<1yr
487,62,female,2,free,little,little,3757,24,car,55-65,Medium,1-2yrs
488,35,male,1,rent,moderate,little,1418,10,car,25-35,Low,<1yr
489,26,male,2,rent,little,little,3518,6,car,25-35,Medium,<1yr
490,26,male,2,own,little,little,1934,12,radio/TV,25-35,Low,<1yr
491,42,female,3,free,little,moderate,8318,27,business,35-45,High,2-3yrs
492,27,female,2,own,moderate,little,1237,6,radio/TV,25-35,Low,<1yr
493,38,male,2,own,little,moderate,368,6,radio/TV,35-45,Very Low,<1yr
494,39,male,1,rent,little,little,2122,12,car,35-45,Medium,<1yr
495,20,male,2,own,little,little,2996,24,furniture/equipment,<25,Medium,1-2yrs
496,29,male,3,rent,moderate,moderate,9034,36,furniture/equipment,25-35,High,2-3yrs
497,40,male,2,own,little,little,1585,24,furniture/equipment,35-45,Low,1-2yrs
498,32,male,1,own,little,moderate,1301,18,radio/TV,25-35,Low,1-2yrs
499,28,male,2,own,moderate,rich,1323,6,car,25-35,Low,<1yr
500,27,female,2,own,little,little,3123,24,car,25-35,Medium,1-2yrs
501,42,male,2,free,little,little,5493,36,car,35-45,High,2-3yrs
502,49,male,2,own,moderate,rich,1126,9,radio/TV,45-55,Low,<1yr
503,38,male,2,own,moderate,moderate,1216,24,radio/TV,35-45,Low,1-2yrs
504,24,female,2,rent,little,little,1207,24,car,<25,Low,1-2yrs
505,27,male,1,own,little,little,1309,10,car,25-35,Low,<1yr
506,36,male,2,own,quite rich,rich,2360,15,car,35-45,Medium,1-2yrs
507,34,male,3,own,moderate,moderate,6850,15,car,25-35,High,1-2yrs
508,28,male,2,own,little,little,1413,24,radio/TV,25-35,Low,1-2yrs
509,45,male,3,own,moderate,little,8588,39,car,35-45,High,3-4yrs
510,26,male,2,own,little,little,759,12,car,25-35,Very Low,<1yr
511,32,male,3,free,little,little,4686,36,car,25-35,Medium,2-3yrs
512,26,male,2,rent,little,rich,2687,15,business,25-35,Medium,1-2yrs
513,20,male,2,rent,little,moderate,585,12,radio/TV,<25,Very Low,<1yr
514,54,male,2,own,little,little,2255,24,car,45-55,Medium,1-2yrs
515,37,female,2,own,little,little,609,6,car,35-45,Very Low,<1yr
516,40,male,1,own,little,little,1361,6,car,35-45,Low,<1yr
517,23,female,2,rent,little,little,7127,36,furniture/equipment,<25,High,2-3yrs
518,43,male,2,own,moderate,little,1203,6,car,35-45,Low,<1yr
519,36,male,2,free,little,little,700,6,radio/TV,35-45,Very Low,<1yr
520,44,male,2,free,little,little,5507,24,repairs,35-45,High,1-2yrs
521,24,female,2,own,little,little,3190,18,radio/TV,<25,Medium,1-2yrs
522,53,male,2,free,little,little,7119,48,furniture/equipment,45-55,High,3-4yrs
523,23,female,2,own,moderate,little,3488,24,car,<25,Medium,1-2yrs
524,26,female,1,own,little,moderate,1113,18,radio/TV,25-35,Low,1-2yrs
525,30,male,2,own,little,moderate,7966,26,car,25-35,High,2-3yrs
526,31,female,2,own,moderate,little,1532,15,education,25-35,Low,1-2yrs
527,42,male,1,own,little,little,1503,4,radio/TV,35-45,Low,<1yr
528,31,male,2,rent,little,little,2302,36,radio/TV,25-35,Medium,2-3yrs
529,41,male,1,own,little,little,662,6,car,35-45,Very Low,<1yr
530,32,male,2,own,little,moderate,2273,36,education,25-35,Medium,2-3yrs
531,28,female,2,rent,moderate,moderate,2631,15,car,25-35,Medium,1-2yrs
532,41,male,2,rent,little,little,1503,12,car,35-45,Low,<1yr
533,26,male,2,own,moderate,little,1311,24,radio/TV,25-35,Low,1-2yrs
534,25,male,2,own,little,little,3105,24,radio/TV,<25,Medium,1-2yrs
535,33,male,2,rent,little,rich,2319,21,education,25-35,Medium,1-2yrs
536,75,female,3,own,little,little,1374,6,car,>65,Low,<1yr
537,37,female,2,own,little,moderate,3612,18,furniture/equipment,35-45,Medium,1-2yrs
538,42,male,3,free,little,little,7763,48,car,35-45,High,3-4yrs
539,45,female,1,own,little,rich,3049,18,furniture/equipment,35-45,Medium,1-2yrs
540,23,male,2,rent,little,moderate,1534,12,radio/TV,<25,Low,<1yr
541,60,male,2,free,little,little,2032,24,car,55-65,Medium,1-2yrs
542,31,male,2,own,little,little,6350,30,furniture/equipment,25-35,High,2-3yrs
543,34,male,1,own,little,rich,2864,18,furniture/equipment,25-35,Medium,1-2yrs
544,61,male,1,own,little,little,1255,12,car,55-65,Low,<1yr
545,43,male,2,free,little,little,1333,24,car,35-45,Low,1-2yrs
546,37,female,2,own,little,little,2022,24,car,35-45,Medium,1-2yrs
547,32,male,2,own,little,little,1552,24,radio/TV,25-35,Low,1-2yrs
548,24,female,1,own,little,little,626,12,radio/TV,<25,Very Low,<1yr
549,35,male,2,free,little,little,8858,48,car,25-35,High,3-4yrs
550,23,female,2,own,little,little,996,12,repairs,<25,Very Low,<1yr
551,45,male,1,own,quite rich,little,1750,6,radio/TV,35-45,Low,<1yr
552,34,male,2,own,little,little,6999,48,radio/TV,25-35,High,3-4yrs
553,27,male,2,own,moderate,moderate,1995,12,car,25-35,Low,<1yr
554,67,female,3,own,little,moderate,1199,9,education,>65,Low,<1yr
555,22,male,2,own,little,moderate,1331,12,radio/TV,<25,Low,<1yr
556,28,female,2,own,moderate,moderate,2278,18,car,25-35,Medium,1-2yrs
557,29,female,2,own,little,little,5003,21,car,25-35,High,1-2yrs
558,27,male,2,own,little,little,3552,24,furniture/equipment,25-35,Medium,1-2yrs
559,31,male,1,own,little,moderate,1928,18,furniture/equipment,25-35,Low,1-2yrs
560,49,male,2,free,little,little,2964,24,car,45-55,Medium,1-2yrs
561,24,male,1,rent,little,little,1546,24,radio/TV,<25,Low,1-2yrs
562,29,female,2,own,little,rich,683,6,radio/TV,25-35,Very Low,<1yr
563,37,male,2,free,little,moderate,12389,36,car,35-45,Very High,2-3yrs
564,37,male,3,own,little,moderate,4712,24,business,35-45,Medium,1-2yrs
565,23,female,2,rent,moderate,moderate,1553,24,radio/TV,<25,Low,1-2yrs
566,36,male,2,own,little,little,1372,12,car,35-45,Low,<1yr
567,34,male,2,own,rich,little,2578,24,radio/TV,25-35,Medium,1-2yrs
568,41,male,2,own,little,moderate,3979,48,radio/TV,35-45,Medium,3-4yrs
569,31,female,2,own,little,little,6758,48,radio/TV,25-35,High,3-4yrs
570,23,female,1,rent,little,little,3234,24,furniture/equipment,<25,Medium,1-2yrs
571,38,male,2,own,little,little,5954,30,radio/TV,35-45,High,2-3yrs
572,26,female,3,rent,little,little,5433,24,car,25-35,High,1-2yrs
573,22,female,1,own,little,little,806,15,business,<25,Very Low,1-2yrs
574,27,male,1,own,little,moderate,1082,9,radio/TV,25-35,Low,<1yr
575,24,female,2,own,little,little,2788,15,furniture/equipment,<25,Medium,1-2yrs
576,27,female,2,own,little,moderate,2930,12,radio/TV,25-35,Medium,<1yr
577,33,female,2,own,little,little,1927,24,education,25-35,Low,1-2yrs
578,27,male,2,own,little,moderate,2820,36,car,25-35,Medium,2-3yrs
579,27,male,1,own,little,little,937,24,education,25-35,Very Low,1-2yrs
580,30,male,2,own,little,moderate,1056,18,car,25-35,Low,1-2yrs
581,49,male,1,own,little,moderate,3124,12,car,45-55,Medium,<1yr
582,26,female,2,rent,little,little,1388,9,furniture/equipment,25-35,Low,<1yr
583,33,male,1,rent,little,moderate,2384,36,repairs,25-35,Medium,2-3yrs
584,52,female,3,free,little,little,2133,12,car,45-55,Medium,<1yr
585,20,female,2,rent,little,little,2039,18,furniture/equipment,<25,Medium,1-2yrs
586,36,male,2,rent,little,little,2799,9,car,35-45,Medium,<1yr
587,21,male,1,own,little,little,1289,12,furniture/equipment,<25,Low,<1yr
588,47,male,1,own,little,little,1217,18,domestic appliances,45-55,Low,1-2yrs
589,60,male,2,own,little,little,2246,12,furniture/equipment,55-65,Medium,<1yr
590,58,female,1,own,little,little,385,12,radio/TV,55-65,Very Low,<1yr
591,42,female,2,rent,little,moderate,1965,24,car,35-45,Low,1-2yrs
592,36,female,1,own,rich,little,1572,21,business,35-45,Low,1-2yrs
593,20,female,1,rent,little,moderate,2718,24,car,<25,Medium,1-2yrs
594,40,male,3,own,little,little,1358,24,vacation/others,35-45,Low,1-2yrs
595,32,female,1,own,moderate,moderate,931,6,car,25-35,Very Low,<1yr
596,23,female,2,rent,little,little,1442,24,car,<25,Low,1-2yrs
597,36,male,1,own,little,moderate,4241,24,business,35-45,Medium,1-2yrs
598,31,male,2,own,little,little,2775,18,car,25-35,Medium,1-2yrs
599,32,male,2,free,little,little,3863,24,business,25-35,Medium,1-2yrs
600,45,female,2,own,little,moderate,2329,7,radio/TV,35-45,Medium,<1yr
601,30,female,2,own,little,moderate,918,9,furniture/equipment,25-35,Very Low,<1yr
602,34,female,1,free,little,moderate,1837,24,education,25-35,Low,1-2yrs
603,28,female,3,own,little,little,3349,36,furniture/equipment,25-35,Medium,2-3yrs
604,23,female,2,own,little,rich,1275,10,furniture/equipment,<25,Low,<1yr
605,22,male,2,own,quite rich,little,2828,24,furniture/equipment,<25,Medium,1-2yrs
606,74,male,3,own,little,little,4526,24,business,>65,Medium,1-2yrs
607,50,female,2,free,moderate,moderate,2671,36,radio/TV,45-55,Medium,2-3yrs
608,33,male,2,own,little,little,2051,18,radio/TV,25-35,Medium,1-2yrs
609,45,male,2,free,little,little,1300,15,car,35-45,Low,1-2yrs
610,22,female,2,own,moderate,little,741,12,domestic appliances,<25,Very Low,<1yr
611,48,female,1,free,moderate,rich,1240,10,car,45-55,Low,<1yr
612,29,female,2,own,rich,little,3357,21,radio/TV,25-35,Medium,1-2yrs
613,22,female,2,rent,little,little,3632,24,car,<25,Medium,1-2yrs
614,22,female,2,own,little,little,1808,18,furniture/equipment,<25,Low,1-2yrs
615,48,male,3,own,little,moderate,12204,48,business,45-55,Very High,3-4yrs
616,27,male,3,free,little,moderate,9157,60,radio/TV,25-35,High,>4yrs
617,37,male,2,rent,little,little,3676,6,car,35-45,Medium,<1yr
618,21,female,2,rent,moderate,moderate,3441,30,furniture/equipment,<25,Medium,2-3yrs
619,49,male,1,own,little,little,640,12,car,45-55,Very Low,<1yr
620,27,male,2,own,little,moderate,3652,21,business,25-35,Medium,1-2yrs
621,32,male,2,own,little,little,1530,18,car,25-35,Low,1-2yrs
622,38,male,2,own,little,little,3914,48,business,35-45,Medium,3-4yrs
623,22,female,2,rent,little,little,1858,12,furniture/equipment,<25,Low,<1yr
624,65,male,2,free,little,little,2600,18,radio/TV,55-65,Medium,1-2yrs
625,35,male,2,own,little,little,1979,15,radio/TV,25-35,Low,1-2yrs
626,41,male,2,own,little,rich,2116,6,furniture/equipment,35-45,Medium,<1yr
627,29,male,2,own,moderate,moderate,1437,9,car,25-35,Low,<1yr
628,36,male,2,own,quite rich,little,4042,42,furniture/equipment,35-45,Medium,3-4yrs
629,64,male,1,own,little,little,3832,9,education,55-65,Medium,<1yr
630,28,female,2,own,little,little,3660,24,radio/TV,25-35,Medium,1-2yrs
631,44,male,2,own,little,little,1553,18,furniture/equipment,35-45,Low,1-2yrs
632,23,male,2,own,little,moderate,1444,15,radio/TV,<25,Low,1-2yrs
633,19,female,2,rent,little,little,1980,9,furniture/equipment,<25,Low,<1yr
634,25,female,1,own,little,moderate,1355,24,car,<25,Low,1-2yrs
635,47,male,2,own,little,little,1393,12,education,45-55,Low,<1yr
636,28,female,2,own,quite rich,little,1376,24,radio/TV,25-35,Low,1-2yrs
637,21,male,2,own,little,little,15653,60,radio/TV,<25,Very High,>4yrs
638,34,female,2,own,little,little,1493,12,radio/TV,25-35,Low,<1yr
639,26,male,2,own,little,little,4370,42,radio/TV,25-35,Medium,3-4yrs
640,27,female,0,own,little,little,750,18,education,25-35,Very Low,1-2yrs
641,38,male,1,own,little,moderate,1308,15,repairs,35-45,Low,1-2yrs
642,40,male,3,own,moderate,little,4623,15,education,35-45,Medium,1-2yrs
643,33,male,2,own,little,little,1851,24,radio/TV,25-35,Low,1-2yrs
644,32,male,3,own,little,little,1880,18,radio/TV,25-35,Low,1-2yrs
645,27,male,2,rent,little,little,7980,36,business,25-35,High,2-3yrs
646,32,male,2,own,little,little,4583,30,furniture/equipment,25-35,Medium,2-3yrs
647,26,female,2,own,quite rich,little,1386,12,car,25-35,Low,<1yr
648,38,male,2,free,little,rich,947,24,car,35-45,Very Low,1-2yrs
649,40,male,1,rent,little,little,684,12,education,35-45,Very Low,<1yr
650,50,male,3,free,little,little,7476,48,education,45-55,High,3-4yrs
651,37,male,1,own,little,moderate,1922,12,furniture/equipment,35-45,Low,<1yr
652,45,male,2,own,little,little,2303,24,car,35-45,Medium,1-2yrs
653,42,male,3,own,moderate,moderate,8086,36,car,35-45,High,2-3yrs
654,35,male,2,own,little,little,2346,24,car,25-35,Medium,1-2yrs
655,22,male,2,free,little,little,3973,14,car,<25,Medium,1-2yrs
656,41,male,1,own,little,moderate,888,12,car,35-45,Very Low,<1yr
657,37,male,2,own,little,little,10222,48,radio/TV,35-45,Very High,3-4yrs
658,28,female,2,own,little,moderate,4221,30,business,25-35,Medium,2-3yrs
659,41,male,2,own,little,moderate,6361,18,furniture/equipment,35-45,High,1-2yrs
660,23,male,2,rent,little,rich,1297,12,radio/TV,<25,Low,<1yr
661,23,male,2,own,little,little,900,12,car,<25,Very Low,<1yr
662,50,male,2,own,little,little,2241,21,furniture/equipment,45-55,Medium,1-2yrs
663,35,male,3,own,little,moderate,1050,6,furniture/equipment,25-35,Low,<1yr
664,50,female,1,own,little,rich,1047,6,education,45-55,Low,<1yr
665,27,male,3,own,little,little,6314,24,vacation/others,25-35,High,1-2yrs
666,34,male,2,own,rich,moderate,3496,30,furniture/equipment,25-35,Medium,2-3yrs
667,27,female,2,own,little,little,3609,48,business,25-35,Medium,3-4yrs
668,43,male,2,rent,little,little,4843,12,car,35-45,Medium,<1yr
669,47,male,2,own,little,rich,3017,30,radio/TV,45-55,Medium,2-3yrs
670,27,male,1,own,moderate,little,4139,24,business,25-35,Medium,1-2yrs
671,31,male,2,own,moderate,little,5742,36,business,25-35,High,2-3yrs
672,42,male,3,own,little,little,10366,60,car,35-45,Very High,>4yrs
673,24,male,2,own,quite rich,little,2080,6,car,<25,Medium,<1yr
674,41,male,1,own,quite rich,little,2580,21,business,35-45,Medium,1-2yrs
675,26,female,3,rent,little,little,4530,30,radio/TV,25-35,Medium,2-3yrs
676,33,male,2,own,little,little,5150,24,furniture/equipment,25-35,High,1-2yrs
677,24,male,2,own,moderate,moderate,5595,72,radio/TV,<25,High,>4yrs
678,64,male,1,rent,little,little,2384,24,radio/TV,55-65,Medium,1-2yrs
679,26,female,2,own,little,little,1453,18,radio/TV,25-35,Low,1-2yrs
680,56,female,2,own,little,little,1538,6,education,55-65,Low,<1yr
681,37,male,2,free,little,little,2279,12,radio/TV,35-45,Medium,<1yr
682,33,male,2,own,little,little,1478,15,radio/TV,25-35,Low,1-2yrs
683,47,male,2,free,little,little,5103,24,radio/TV,45-55,High,1-2yrs
684,31,male,1,own,moderate,moderate,9857,36,business,25-35,High,2-3yrs
685,34,male,2,free,little,little,6527,60,car,25-35,High,>4yrs
686,27,male,2,own,little,rich,1347,10,radio/TV,25-35,Low,<1yr
687,30,male,2,free,moderate,moderate,2862,36,car,25-35,Medium,2-3yrs
688,35,male,2,own,moderate,little,2753,9,radio/TV,25-35,Medium,<1yr
689,31,male,2,own,rich,little,3651,12,car,25-35,Medium,<1yr
690,25,male,2,own,little,little,975,15,furniture/equipment,<25,Very Low,1-2yrs
691,25,female,1,own,moderate,moderate,2631,15,repairs,<25,Medium,1-2yrs
692,29,male,2,own,moderate,moderate,2896,24,radio/TV,25-35,Medium,1-2yrs
693,44,male,1,own,little,little,4716,6,car,35-45,Medium,<1yr
694,28,male,2,own,little,little,2284,24,radio/TV,25-35,Medium,1-2yrs
695,50,male,2,rent,quite rich,little,1236,6,car,45-55,Low,<1yr
696,29,male,2,own,little,moderate,1103,12,radio/TV,25-35,Low,<1yr
697,38,female,0,own,little,little,926,12,car,35-45,Very Low,<1yr
698,24,male,2,own,little,little,1800,18,radio/TV,<25,Low,1-2yrs
699,40,male,3,rent,little,rich,1905,15,education,35-45,Low,1-2yrs
700,29,female,1,rent,quite rich,little,1123,12,furniture/equipment,25-35,Low,<1yr
701,46,male,2,free,little,little,6331,48,car,45-55,High,3-4yrs
702,47,female,2,free,moderate,rich,1377,24,radio/TV,45-55,Low,1-2yrs
703,41,male,2,own,moderate,moderate,2503,30,business,35-45,Medium,2-3yrs
704,32,female,2,own,little,moderate,2528,27,business,25-35,Medium,2-3yrs
705,35,female,2,free,quite rich,little,5324,15,car,25-35,High,1-2yrs
706,24,male,2,own,moderate,moderate,6560,48,car,<25,High,3-4yrs
707,25,female,2,rent,little,moderate,2969,12,furniture/equipment,<25,Medium,<1yr
708,25,female,2,own,little,moderate,1206,9,radio/TV,<25,Low,<1yr
709,37,male,1,own,little,moderate,2118,9,radio/TV,35-45,Medium,<1yr
710,32,male,3,own,quite rich,little,629,18,radio/TV,25-35,Very Low,1-2yrs
711,35,female,2,free,little,little,1198,6,education,25-35,Low,<1yr
712,46,male,3,own,little,little,2476,21,car,45-55,Medium,1-2yrs
713,25,male,1,own,little,little,1138,9,radio/TV,<25,Low,<1yr
714,27,male,3,own,little,moderate,14027,60,car,25-35,Very High,>4yrs
715,63,male,2,own,little,little,7596,30,car,55-65,High,2-3yrs
716,40,male,2,own,little,little,3077,30,radio/TV,35-45,Medium,2-3yrs
717,32,male,3,free,little,little,1505,18,radio/TV,25-35,Low,1-2yrs
718,31,male,2,own,little,rich,3148,24,radio/TV,25-35,Medium,1-2yrs
719,31,male,2,own,moderate,moderate,6148,20,car,25-35,High,1-2yrs
720,34,male,3,own,little,rich,1337,9,radio/TV,25-35,Low,<1yr
721,24,female,2,rent,rich,moderate,433,6,education,<25,Very Low,<1yr
722,24,female,1,own,little,little,1228,12,car,<25,Low,<1yr
723,66,female,1,own,quite rich,moderate,790,9,radio/TV,>65,Very Low,<1yr
724,21,female,2,rent,little,little,2570,27,car,<25,Medium,2-3yrs
725,41,female,1,own,rich,little,250,6,car,35-45,Very Low,<1yr
726,47,male,1,own,quite rich,little,1316,15,radio/TV,45-55,Low,1-2yrs
727,25,female,2,rent,little,little,1882,18,radio/TV,<25,Low,1-2yrs
728,59,female,2,rent,little,moderate,6416,48,business,55-65,High,3-4yrs
729,36,male,2,own,rich,rich,1275,24,business,35-45,Low,1-2yrs
730,33,male,2,own,little,moderate,6403,24,radio/TV,25-35,High,1-2yrs
731,21,male,1,rent,little,little,1987,24,radio/TV,<25,Low,1-2yrs
732,44,female,1,own,little,moderate,760,8,radio/TV,35-45,Very Low,<1yr
733,28,female,2,rent,rich,little,2603,24,car,25-35,Medium,1-2yrs
734,37,female,2,own,little,little,3380,4,car,35-45,Medium,<1yr
735,29,female,0,own,little,moderate,3990,36,domestic appliances,25-35,Medium,2-3yrs
736,23,female,3,rent,little,moderate,11560,24,car,<25,Very High,1-2yrs
737,35,male,1,own,moderate,little,4380,18,car,25-35,Medium,1-2yrs
738,45,male,3,own,little,little,6761,6,car,35-45,High,<1yr
739,26,female,1,rent,moderate,moderate,4280,30,business,25-35,Medium,2-3yrs
740,32,male,2,own,moderate,little,2325,24,car,25-35,Medium,1-2yrs
741,23,male,1,own,little,moderate,1048,10,radio/TV,<25,Low,<1yr
742,41,male,2,own,little,little,3160,21,radio/TV,35-45,Medium,1-2yrs
743,22,male,2,own,quite rich,little,2483,24,furniture/equipment,<25,Medium,1-2yrs
744,30,male,3,own,little,little,14179,39,furniture/equipment,25-35,Very High,3-4yrs
745,28,male,1,own,little,little,1797,13,business,25-35,Low,1-2yrs
746,23,female,2,rent,little,little,2511,15,car,<25,Medium,1-2yrs
747,37,female,1,own,little,little,1274,12,car,35-45,Low,<1yr
748,26,male,2,own,little,little,5248,21,car,25-35,High,1-2yrs
749,33,male,2,own,little,little,3029,15,car,25-35,Medium,1-2yrs
750,49,female,2,own,little,little,428,6,furniture/equipment,45-55,Very Low,<1yr
751,23,female,1,own,little,little,976,18,car,<25,Very Low,1-2yrs
752,23,female,1,rent,moderate,moderate,841,12,business,<25,Very Low,<1yr
753,25,female,2,own,little,little,5771,30,radio/TV,<25,High,2-3yrs
754,55,male,2,free,rich,little,1555,12,repairs,45-55,Low,<1yr
755,32,female,2,rent,little,little,1285,24,car,25-35,Low,1-2yrs
756,74,male,0,own,little,rich,1299,6,car,>65,Low,<1yr
757,39,male,2,free,little,rich,1271,15,radio/TV,35-45,Low,1-2yrs
758,31,male,2,own,little,little,1393,24,car,25-35,Low,1-2yrs
759,35,male,2,own,little,little,691,12,car,25-35,Very Low,<1yr
760,59,female,2,own,little,little,5045,15,car,55-65,High,1-2yrs
761,24,female,2,rent,little,little,2124,18,furniture/equipment,<25,Medium,1-2yrs
762,24,male,1,own,little,little,2214,12,radio/TV,<25,Medium,<1yr
763,30,male,3,free,little,little,12680,21,car,25-35,Very High,1-2yrs
764,27,male,2,own,moderate,little,2463,24,car,25-35,Medium,1-2yrs
765,40,male,1,own,little,moderate,1155,12,radio/TV,35-45,Low,<1yr
766,31,male,1,own,little,little,3108,30,furniture/equipment,25-35,Medium,2-3yrs
767,31,female,2,rent,little,little,2901,10,car,25-35,Medium,<1yr
768,28,male,2,rent,little,moderate,3617,12,furniture/equipment,25-35,Medium,<1yr
769,63,male,1,own,little,little,1655,12,radio/TV,55-65,Low,<1yr
770,26,female,2,rent,little,little,2812,24,car,25-35,Medium,1-2yrs
771,25,female,3,own,little,little,8065,36,education,<25,High,2-3yrs
772,36,male,3,own,little,little,3275,21,car,35-45,Medium,1-2yrs
773,52,male,2,own,moderate,little,2223,24,radio/TV,45-55,Medium,1-2yrs
774,66,male,0,free,quite rich,rich,1480,12,car,>65,Low,<1yr
775,25,female,2,rent,little,little,1371,24,car,<25,Low,1-2yrs
776,37,male,2,own,little,little,3535,36,car,35-45,Medium,2-3yrs
777,25,female,2,own,little,little,3509,18,radio/TV,<25,Medium,1-2yrs
778,38,male,3,own,rich,little,5711,36,car,35-45,High,2-3yrs
779,67,female,2,own,little,moderate,3872,18,repairs,>65,Medium,1-2yrs
780,25,male,2,own,little,moderate,4933,39,radio/TV,<25,Medium,3-4yrs
781,60,male,2,own,rich,little,1940,24,car,55-65,Low,1-2yrs
782,31,male,1,own,little,moderate,1410,12,education,25-35,Low,<1yr
783,23,female,1,own,moderate,moderate,836,12,car,<25,Very Low,<1yr
784,60,male,3,own,little,moderate,6468,20,car,55-65,High,1-2yrs
785,35,male,1,own,rich,moderate,1941,18,business,25-35,Low,1-2yrs
786,40,male,2,own,quite rich,little,2675,22,radio/TV,35-45,Medium,1-2yrs
787,38,male,2,own,little,little,2751,48,car,35-45,Medium,3-4yrs
788,50,male,2,free,little,moderate,6224,48,education,45-55,High,3-4yrs
789,27,male,2,own,little,little,5998,40,education,25-35,High,3-4yrs
790,39,female,2,own,little,moderate,1188,21,business,35-45,Low,1-2yrs
791,41,male,3,own,little,little,6313,24,car,35-45,High,1-2yrs
792,27,male,2,own,little,little,1221,6,furniture/equipment,25-35,Low,<1yr
793,51,male,2,free,little,rich,2892,24,furniture/equipment,45-55,Medium,1-2yrs
794,32,male,2,rent,quite rich,little,3062,24,furniture/equipment,25-35,Medium,1-2yrs
795,22,female,2,rent,moderate,little,2301,9,furniture/equipment,<25,Medium,<1yr
796,51,male,2,free,little,little,7511,18,car,45-55,High,1-2yrs
797,22,female,1,rent,little,little,1258,12,furniture/equipment,<25,Low,<1yr
798,54,male,2,own,little,little,717,24,car,45-55,Very Low,1-2yrs
799,35,male,0,own,little,moderate,1549,9,car,25-35,Low,<1yr
800,54,male,2,free,little,little,1597,24,education,45-55,Low,1-2yrs
801,48,female,1,rent,little,moderate,1795,18,radio/TV,45-55,Low,1-2yrs
802,24,female,2,own,little,little,4272,20,furniture/equipment,<25,Medium,1-2yrs
803,35,male,2,own,little,little,976,12,radio/TV,25-35,Very Low,<1yr
804,24,female,0,rent,little,moderate,7472,12,car,<25,High,<1yr
805,24,male,2,own,little,little,9271,36,car,<25,High,2-3yrs
806,26,male,1,own,little,moderate,590,6,radio/TV,25-35,Very Low,<1yr
807,65,male,2,own,little,little,930,12,radio/TV,55-65,Very Low,<1yr
808,55,male,3,free,little,moderate,9283,42,car,45-55,High,3-4yrs
809,26,female,0,rent,little,moderate,1778,15,car,25-35,Low,1-2yrs
810,26,male,2,own,little,moderate,907,8,business,25-35,Very Low,<1yr
811,28,male,1,own,little,moderate,484,6,radio/TV,25-35,Very Low,<1yr
812,24,male,2,own,little,little,9629,36,car,<25,High,2-3yrs
813,54,male,2,own,little,little,3051,48,domestic appliances,45-55,Medium,3-4yrs
814,46,male,2,free,little,little,3931,48,car,45-55,Medium,3-4yrs
815,54,female,2,rent,little,moderate,7432,36,car,45-55,High,2-3yrs
816,62,male,2,own,quite rich,little,1338,6,domestic appliances,55-65,Low,<1yr
817,24,female,2,rent,little,little,1554,6,radio/TV,<25,Low,<1yr
818,43,male,3,own,little,little,15857,36,vacation/others,35-45,Very High,2-3yrs
819,26,male,2,own,little,little,1345,18,radio/TV,25-35,Low,1-2yrs
820,27,male,2,own,little,little,1101,12,car,25-35,Low,<1yr
821,24,male,2,own,little,rich,3016,12,radio/TV,<25,Medium,<1yr
822,41,male,2,own,little,little,2712,36,furniture/equipment,35-45,Medium,2-3yrs
823,47,male,1,own,little,little,731,8,car,45-55,Very Low,<1yr
824,35,male,3,own,little,little,3780,18,furniture/equipment,25-35,Medium,1-2yrs
825,30,male,2,own,little,little,1602,21,car,25-35,Low,1-2yrs
826,33,female,2,rent,little,little,3966,18,car,25-35,Medium,1-2yrs
827,36,male,2,own,little,little,4165,18,business,35-45,Medium,1-2yrs
828,47,male,2,free,little,little,8335,36,car,45-55,High,2-3yrs
829,38,male,2,free,little,moderate,6681,48,business,35-45,High,3-4yrs
830,44,male,2,own,quite rich,little,2375,24,business,35-45,Medium,1-2yrs
831,23,female,2,rent,little,little,1216,18,car,<25,Low,1-2yrs
832,29,male,2,rent,little,little,11816,45,business,25-35,Very High,3-4yrs
833,42,female,2,own,little,moderate,5084,24,radio/TV,35-45,High,1-2yrs
834,25,female,1,own,little,rich,2327,15,radio/TV,<25,Medium,1-2yrs
835,48,male,2,own,little,little,1082,12,car,45-55,Low,<1yr
836,21,female,2,own,little,little,886,12,radio/TV,<25,Very Low,<1yr
837,23,female,1,rent,little,little,601,4,furniture/equipment,<25,Very Low,<1yr
838,63,male,2,own,little,little,2957,24,car,55-65,Medium,1-2yrs
839,46,male,2,own,little,little,2611,24,radio/TV,45-55,Medium,1-2yrs
840,29,male,2,own,little,little,5179,36,furniture/equipment,25-35,High,2-3yrs
841,28,male,1,own,little,little,2993,21,car,25-35,Medium,1-2yrs
842,23,female,2,own,little,little,1943,18,repairs,<25,Low,1-2yrs
843,50,male,2,own,little,little,1559,24,business,45-55,Low,1-2yrs
844,47,male,2,own,little,little,3422,18,furniture/equipment,45-55,Medium,1-2yrs
845,35,male,2,own,little,moderate,3976,21,furniture/equipment,25-35,Medium,1-2yrs
846,68,male,2,rent,little,little,6761,18,car,>65,High,1-2yrs
847,28,male,2,own,little,little,1249,24,car,25-35,Low,1-2yrs
848,59,male,2,own,little,little,1364,9,radio/TV,55-65,Low,<1yr
849,57,male,1,own,little,little,709,12,radio/TV,55-65,Very Low,<1yr
850,33,male,2,rent,little,little,2235,20,car,25-35,Medium,1-2yrs
851,43,male,2,own,little,little,4042,24,car,35-45,Medium,1-2yrs
852,35,male,2,free,little,little,1471,15,radio/TV,25-35,Low,1-2yrs
853,32,male,1,free,little,little,1442,18,car,25-35,Low,1-2yrs
854,45,male,2,own,little,little,10875,36,car,35-45,Very High,2-3yrs
855,33,male,2,own,moderate,little,1474,24,car,25-35,Low,1-2yrs
856,40,female,2,own,little,little,894,10,education,35-45,Very Low,<1yr
857,28,male,2,free,little,little,3343,15,furniture/equipment,25-35,Medium,1-2yrs
858,29,female,2,own,little,little,3959,15,car,25-35,Medium,1-2yrs
859,26,male,2,rent,moderate,little,3577,9,car,25-35,Medium,<1yr
860,27,male,2,own,rich,little,5804,24,car,25-35,High,1-2yrs
861,28,male,2,own,little,little,2169,18,business,25-35,Medium,1-2yrs
862,35,female,2,own,little,little,2439,24,radio/TV,25-35,Medium,1-2yrs
863,32,male,1,own,rich,little,4526,27,furniture/equipment,25-35,Medium,2-3yrs
864,25,male,1,rent,little,little,2210,10,furniture/equipment,<25,Medium,<1yr
865,20,female,2,rent,quite rich,little,2221,15,furniture/equipment,<25,Medium,1-2yrs
866,27,female,2,own,little,little,2389,18,radio/TV,25-35,Medium,1-2yrs
867,42,male,2,own,little,little,3331,12,furniture/equipment,35-45,Medium,<1yr
868,37,male,2,own,little,little,7409,36,business,35-45,High,2-3yrs
869,24,female,2,rent,little,little,652,12,furniture/equipment,<25,Very Low,<1yr
870,40,female,2,own,quite rich,little,7678,36,furniture/equipment,35-45,High,2-3yrs
871,46,male,2,own,little,rich,1343,6,car,45-55,Low,<1yr
872,26,male,2,own,moderate,little,1382,24,business,25-35,Low,1-2yrs
873,24,female,2,own,little,little,874,15,domestic appliances,<25,Very Low,1-2yrs
874,29,male,1,own,little,little,3590,12,furniture/equipment,25-35,Medium,<1yr
875,40,female,2,own,rich,moderate,1322,11,car,35-45,Low,<1yr
876,36,male,3,free,little,little,1940,18,radio/TV,35-45,Low,1-2yrs
877,28,male,2,own,little,little,3595,36,radio/TV,25-35,Medium,2-3yrs
878,27,male,3,free,little,little,1422,9,car,25-35,Low,<1yr
879,36,male,2,own,little,little,6742,30,radio/TV,35-45,High,2-3yrs
880,38,male,3,own,little,little,7814,24,car,35-45,High,1-2yrs
881,48,male,2,free,little,little,9277,24,car,45-55,High,1-2yrs
882,36,male,2,own,little,moderate,2181,30,car,35-45,Medium,2-3yrs
883,65,female,0,own,little,little,1098,18,radio/TV,55-65,Low,1-2yrs
884,43,male,2,own,little,moderate,4057,24,furniture/equipment,35-45,Medium,1-2yrs
885,53,female,2,own,little,little,795,12,education,45-55,Very Low,<1yr
886,34,male,2,own,little,moderate,2825,24,business,25-35,Medium,1-2yrs
887,23,male,2,own,little,moderate,15672,48,business,<25,Very High,3-4yrs
888,34,male,3,own,little,little,6614,36,car,25-35,High,2-3yrs
889,40,male,2,rent,little,little,7824,28,car,35-45,High,2-3yrs
890,43,male,3,own,little,little,2442,27,business,35-45,Medium,2-3yrs
891,46,male,2,own,little,little,1829,15,radio/TV,45-55,Low,1-2yrs
892,38,male,1,own,little,little,2171,12,car,35-45,Medium,<1yr
893,34,male,2,own,little,moderate,5800,36,car,25-35,High,2-3yrs
894,29,male,2,own,little,little,1169,18,radio/TV,25-35,Low,1-2yrs
895,31,male,3,own,little,little,8947,36,car,25-35,High,2-3yrs
896,28,female,3,rent,little,little,2606,21,radio/TV,25-35,Medium,1-2yrs
897,35,female,2,own,rich,little,1592,12,furniture/equipment,25-35,Low,<1yr
898,33,female,1,rent,little,little,2186,15,furniture/equipment,25-35,Medium,1-2yrs
899,42,male,2,own,little,little,4153,18,furniture/equipment,35-45,Medium,1-2yrs
900,43,male,2,rent,little,little,2625,16,car,35-45,Medium,1-2yrs
901,44,male,2,own,little,little,3485,20,car,35-45,Medium,1-2yrs
902,42,male,2,free,little,little,10477,36,car,35-45,Very High,2-3yrs
903,40,male,2,rent,little,little,1386,15,radio/TV,35-45,Low,1-2yrs
904,36,male,3,own,little,little,1278,24,radio/TV,35-45,Low,1-2yrs
905,20,male,3,rent,little,little,1107,12,radio/TV,<25,Low,<1yr
906,24,male,1,own,little,little,3763,21,car,<25,Medium,1-2yrs
907,27,male,2,own,little,moderate,3711,36,education,25-35,Medium,2-3yrs
908,46,female,1,own,little,little,3594,15,car,45-55,Medium,1-2yrs
909,33,female,1,own,little,moderate,3195,9,car,25-35,Medium,<1yr
910,34,female,2,own,little,little,4454,36,radio/TV,25-35,Medium,2-3yrs
911,25,female,1,own,little,moderate,4736,24,furniture/equipment,<25,Medium,1-2yrs
912,25,female,2,own,little,moderate,2991,30,radio/TV,<25,Medium,2-3yrs
913,28,male,2,own,rich,little,2142,11,business,25-35,Medium,<1yr
914,31,male,2,rent,little,little,3161,24,business,25-35,Medium,1-2yrs
915,32,female,3,own,little,moderate,18424,48,vacation/others,25-35,Very High,3-4yrs
916,32,male,2,own,moderate,little,2848,10,car,25-35,Medium,<1yr
917,68,male,3,own,little,little,14896,6,car,>65,Very High,<1yr
918,33,male,2,own,moderate,little,2359,24,furniture/equipment,25-35,Medium,1-2yrs
919,39,male,3,rent,little,little,3345,24,furniture/equipment,35-45,Medium,1-2yrs
920,28,female,2,own,little,little,1817,18,furniture/equipment,25-35,Low,1-2yrs
921,37,male,3,own,quite rich,little,12749,48,radio/TV,35-45,Very High,3-4yrs
922,22,female,2,rent,little,little,1366,9,radio/TV,<25,Low,<1yr
923,30,male,2,rent,little,moderate,2002,12,car,25-35,Medium,<1yr
924,55,male,2,own,little,little,6872,24,furniture/equipment,45-55,High,1-2yrs
925,46,male,2,own,little,little,697,12,car,45-55,Very Low,<1yr
926,21,female,2,rent,little,little,1049,18,furniture/equipment,<25,Low,1-2yrs
927,39,male,2,free,little,little,10297,48,car,35-45,Very High,3-4yrs
928,58,male,2,own,little,little,1867,30,radio/TV,55-65,Low,2-3yrs
929,43,male,1,own,little,little,1344,12,car,35-45,Low,<1yr
930,24,male,1,own,little,little,1747,24,furniture/equipment,<25,Low,1-2yrs
931,22,female,2,own,little,moderate,1670,9,radio/TV,<25,Low,<1yr
932,30,male,2,own,little,little,1224,9,car,25-35,Low,<1yr
933,42,male,2,own,quite rich,little,522,12,radio/TV,35-45,Very Low,<1yr
934,23,female,2,own,little,little,1498,12,radio/TV,<25,Low,<1yr
935,30,male,3,own,moderate,moderate,1919,30,radio/TV,25-35,Low,2-3yrs
936,28,female,1,own,little,rich,745,9,radio/TV,25-35,Very Low,<1yr
937,30,male,3,rent,little,moderate,2063,6,radio/TV,25-35,Medium,<1yr
938,42,male,2,free,little,moderate,6288,60,education,35-45,High,>4yrs
939,46,male,3,own,little,little,6842,24,car,45-55,High,1-2yrs
940,45,male,3,own,little,little,3527,12,car,35-45,Medium,<1yr
941,31,male,1,own,little,little,1546,10,car,25-35,Low,<1yr
942,31,male,2,own,little,little,929,24,furniture/equipment,25-35,Very Low,1-2yrs
943,42,male,1,own,little,little,1455,4,car,35-45,Low,<1yr
944,46,female,2,rent,little,little,1845,15,furniture/equipment,45-55,Low,1-2yrs
945,30,female,2,own,quite rich,moderate,8358,48,car,25-35,High,3-4yrs
946,30,male,2,free,quite rich,little,3349,24,furniture/equipment,25-35,Medium,1-2yrs
947,38,male,3,own,little,little,2859,12,car,35-45,Medium,<1yr
948,43,male,1,own,little,little,1533,18,furniture/equipment,35-45,Low,1-2yrs
949,31,male,2,own,moderate,little,3621,24,radio/TV,25-35,Medium,1-2yrs
950,40,male,0,own,little,moderate,3590,18,business,35-45,Medium,1-2yrs
951,24,male,2,own,little,little,2145,36,business,<25,Medium,2-3yrs
952,28,female,2,rent,quite rich,moderate,4113,24,car,25-35,Medium,1-2yrs
953,26,female,3,own,little,little,10974,36,furniture/equipment,25-35,Very High,2-3yrs
954,29,female,2,own,little,little,1893,12,car,25-35,Low,<1yr
955,57,female,3,rent,rich,little,1231,24,radio/TV,55-65,Low,1-2yrs
956,49,male,1,own,little,rich,3656,30,radio/TV,45-55,Medium,2-3yrs
957,37,male,1,own,little,moderate,1154,9,radio/TV,35-45,Low,<1yr
958,45,male,1,own,little,little,4006,28,car,35-45,Medium,2-3yrs
959,30,male,2,free,moderate,moderate,3069,24,furniture/equipment,25-35,Medium,1-2yrs
960,30,male,2,rent,little,little,1740,6,radio/TV,25-35,Low,<1yr
961,47,male,2,own,little,moderate,2353,21,car,45-55,Medium,1-2yrs
962,29,male,2,own,little,little,3556,15,car,25-35,Medium,1-2yrs
963,35,male,2,own,quite rich,little,2397,24,radio/TV,25-35,Medium,1-2yrs
964,22,male,1,own,little,moderate,454,6,repairs,<25,Very Low,<1yr
965,26,female,2,own,little,moderate,1715,30,radio/TV,25-35,Low,2-3yrs
966,23,male,1,own,quite rich,moderate,2520,27,radio/TV,<25,Medium,2-3yrs
967,54,female,3,rent,little,little,3568,15,radio/TV,45-55,Medium,1-2yrs
968,29,male,2,rent,little,little,7166,42,radio/TV,25-35,High,3-4yrs
969,40,male,1,own,little,little,3939,11,car,35-45,Medium,<1yr
970,22,male,2,own,moderate,moderate,1514,15,repairs,<25,Low,1-2yrs
971,43,male,1,own,little,little,7393,24,car,35-45,High,1-2yrs
972,29,female,0,rent,little,little,1193,24,car,25-35,Low,1-2yrs
973,36,male,2,rent,little,little,7297,60,business,35-45,High,>4yrs
974,33,female,2,own,little,little,2831,30,radio/TV,25-35,Medium,2-3yrs
975,57,female,1,own,quite rich,rich,1258,24,radio/TV,55-65,Low,1-2yrs
976,64,female,2,own,little,moderate,753,6,radio/TV,55-65,Very Low,<1yr
977,42,male,2,own,little,moderate,2427,18,business,35-45,Medium,1-2yrs
978,47,male,1,own,little,little,2538,24,car,45-55,Medium,1-2yrs
979,25,male,2,rent,moderate,moderate,1264,15,car,<25,Low,1-2yrs
980,49,male,2,own,little,moderate,8386,30,furniture/equipment,45-55,High,2-3yrs
981,33,male,3,rent,little,little,4844,48,business,25-35,Medium,3-4yrs
982,28,female,3,own,moderate,rich,2923,21,car,25-35,Medium,1-2yrs
983,26,male,2,own,little,little,8229,36,car,25-35,High,2-3yrs
984,30,male,1,own,little,little,2028,24,furniture/equipment,25-35,Medium,1-2yrs
985,25,female,2,rent,little,little,1433,15,furniture/equipment,<25,Low,1-2yrs
986,33,male,2,own,little,rich,6289,42,business,25-35,High,3-4yrs
987,64,female,2,own,moderate,little,1409,13,radio/TV,55-65,Low,1-2yrs
988,29,male,3,free,little,little,6579,24,car,25-35,High,1-2yrs
989,48,male,1,own,little,moderate,1743,24,radio/TV,45-55,Low,1-2yrs
990,37,male,1,own,little,little,3565,12,education,35-45,Medium,<1yr
991,34,male,1,own,moderate,little,1569,15,radio/TV,25-35,Low,1-2yrs
992,23,male,1,rent,little,little,1936,18,radio/TV,<25,Low,1-2yrs
993,30,male,3,own,little,little,3959,36,furniture/equipment,25-35,Medium,2-3yrs
994,50,male,2,own,little,little,2390,12,car,45-55,Medium,<1yr
995,31,female,1,own,little,little,1736,12,furniture/equipment,25-35,Low,<1yr
996,40,male,3,own,little,little,3857,30,car,35-45,Medium,2-3yrs
997,38,male,2,own,little,little,804,12,radio/TV,35-45,Very Low,<1yr
998,23,male,2,free,little,little,1845,45,radio/TV,<25,Low,3-4yrs
999,27,male,2,own,moderate,moderate,4576,45,car,25-35,Medium,3-4yrs
